{"cameraMode":{"drawMode":0,"name":"Shaded","section":"Shading Mode"},"sceneLighting":true,"audioPlay":false,"sceneViewState":{"showFog":true,"showMaterialUpdate":true,"showSkybox":true,"showFlares":true,"showImageEffects":true,"showParticleSystems":true},"in2DMode":false,"pivot":{"x":20.41681671142578,"y":0.10993705689907074,"z":14.317143440246582},"rotation":{"x":0.0026904779952019455,"y":0.0020970685873180629,"z":0.0000057276233746961228,"w":-0.9999956488609314},"size":13.140058517456055,"orthographic":false}